"DESCRIPTION","DURATION IN MS","NAME","PARENT SUITE","START TIME","STATUS","STOP TIME","SUB SUITE","SUITE","TEST CLASS","TEST METHOD"
"","9034","UserCannotLoginWithNonExistingEmail","UI Tests","2026-09-28","passed","2026-09-28","LoginTests","webkit","LoginTests","UserCannotLoginWithNonExistingEmail"
"","415","SearchProduct_WithValidSearchTerm_ReturnsProducts","","2026-09-28","passed","2026-09-28","SearchProduct","API Tests","SearchProductTests","SearchProduct_WithValidSearchTerm_ReturnsProducts"
"","16151","RegisterBeforeCheckout_PlacesOrderSuccessfully","UI Tests","2026-09-28","passed","2026-09-28","OrderTests","webkit","OrderTests","RegisterBeforeCheckout_PlacesOrderSuccessfully"
"","171","GetUserDetailsByNotExistingEmail_ReturnsUserNotFound","","2026-09-28","passed","2026-09-28","UserAccount","API Tests","UserAccountTests","GetUserDetailsByNotExistingEmail_ReturnsUserNotFound"
"","4601","NavigatingBetweenBrands_DisplaysCorrectBrandPageWithExpectedProductCount","UI Tests","2026-09-28","passed","2026-09-28","BrandTests","firefox","BrandTests","NavigatingBetweenBrands_DisplaysCorrectBrandPageWithExpectedProductCount"
"","416","PostToAllProducts_Returns405InResponseBody","","2026-09-28","passed","2026-09-28","Products","API Tests","ProductsTests","PostToAllProducts_Returns405InResponseBody"
"","153","Login_WithValidEmailAndInvalidPassword_ReturnsUserNotFound","","2026-09-28","passed","2026-09-28","Login","API Tests","LoginTests","Login_WithValidEmailAndInvalidPassword_ReturnsUserNotFound"
"","1981","SearchProduct_WithValidSearchTerm_DisplaysSearchResults","UI Tests","2026-09-28","passed","2026-09-28","ProductsTests","webkit","ProductsTests","SearchProduct_WithValidSearchTerm_DisplaysSearchResults"
"","8073","NewlyRegisteredUserCanLoginSuccessfully","UI Tests","2026-09-28","passed","2026-09-28","RegisterTests","firefox","RegisterTests","NewlyRegisteredUserCanLoginSuccessfully"
"","7284","RemovingProductFromCart_LeavesCartEmpty","UI Tests","2026-09-28","passed","2026-09-28","CartTests","chromium","CartTests","RemovingProductFromCart_LeavesCartEmpty"
"","362","CreateAccount_WithValidData_ReturnsUserCreated","","2026-09-28","passed","2026-09-28","UserAccount","API Tests","UserAccountTests","CreateAccount_WithValidData_ReturnsUserCreated"
"","2328","SubmitContactUsForm_WithValidData_RedirectsToHomePage","UI Tests","2026-09-28","passed","2026-09-28","ContactUsTests","webkit","ContactUsTests","SubmitContactUsForm_WithValidData_RedirectsToHomePage"
"","1249","SearchProduct_WithoutSearchTerm_Returns400InResponseBody","","2026-09-28","passed","2026-09-28","SearchProduct","API Tests","SearchProductTests","SearchProduct_WithoutSearchTerm_Returns400InResponseBody"
"","8920","UserCannotRegisterWithExistingEmail","UI Tests","2026-09-28","passed","2026-09-28","RegisterTests","webkit","RegisterTests","UserCannotRegisterWithExistingEmail"
"","3339","SearchProduct_WithValidSearchTerm_DisplaysSearchResults","UI Tests","2026-09-28","passed","2026-09-28","ProductsTests","firefox","ProductsTests","SearchProduct_WithValidSearchTerm_DisplaysSearchResults"
"","7879","SearchProduct_WithValidSearchTerm_DisplaysSearchResults","UI Tests","2026-09-28","broken","2026-09-28","ProductsTests","chromium","ProductsTests","SearchProduct_WithValidSearchTerm_DisplaysSearchResults"
"","4531","AddProductToCart_WithCustomQuantity_ShowsCorrectQuantityAndTotalPriceInCart","UI Tests","2026-09-28","passed","2026-09-28","CartTests","webkit","CartTests","AddProductToCart_WithCustomQuantity_ShowsCorrectQuantityAndTotalPriceInCart"
"","4629","NavigatingBetweenBrands_DisplaysCorrectBrandPageWithExpectedProductCount","UI Tests","2026-09-28","passed","2026-09-28","BrandTests","chromium","BrandTests","NavigatingBetweenBrands_DisplaysCorrectBrandPageWithExpectedProductCount"
"","187","GetAllBrands_ReturnsNonEmptyBrandsList","","2026-09-28","passed","2026-09-28","Brands","API Tests","BrandsTests","GetAllBrands_ReturnsNonEmptyBrandsList"
"","5260","RemovingProductFromCart_LeavesCartEmpty","UI Tests","2026-09-28","passed","2026-09-28","CartTests","firefox","CartTests","RemovingProductFromCart_LeavesCartEmpty"
"","362","PutToAllBrands_Returns405InResponseBody","","2026-09-28","passed","2026-09-28","Brands","API Tests","BrandsTests","PutToAllBrands_Returns405InResponseBody"
"","7193","UserCannotLoginWithNonExistingEmail","UI Tests","2026-09-28","passed","2026-09-28","LoginTests","firefox","LoginTests","UserCannotLoginWithNonExistingEmail"
"","12626","RegisterDuringCheckout_PlacesOrderSuccessfully","UI Tests","2026-09-28","passed","2026-09-28","OrderTests","chromium","OrderTests","RegisterDuringCheckout_PlacesOrderSuccessfully"
"","6292","AddTwoProductsToCart_ShowsCorrectProductDetails","UI Tests","2026-09-28","passed","2026-09-28","CartTests","chromium","CartTests","AddTwoProductsToCart_ShowsCorrectProductDetails"
"","10200","UserCannotLoginWithNonExistingEmail","UI Tests","2026-09-28","passed","2026-09-28","LoginTests","chromium","LoginTests","UserCannotLoginWithNonExistingEmail"
"","14071","RegisterDuringCheckout_PlacesOrderSuccessfully","UI Tests","2026-09-28","passed","2026-09-28","OrderTests","webkit","OrderTests","RegisterDuringCheckout_PlacesOrderSuccessfully"
"","156","Login_WithInvalidCredentials_ReturnsUserNotFound","","2026-09-28","passed","2026-09-28","Login","API Tests","LoginTests","Login_WithInvalidCredentials_ReturnsUserNotFound"
"","233","GetAllProducts_ReturnsStatusCode200","","2026-09-28","passed","2026-09-28","Products","API Tests","ProductsTests","GetAllProducts_ReturnsStatusCode200"
"","153","Login_WithValidCredentials_ReturnsUserExists","","2026-09-28","passed","2026-09-28","Login","API Tests","LoginTests","Login_WithValidCredentials_ReturnsUserExists"
"","4483","NavigatingBetweenCategories_DisplaysCorrectCategoryPage","UI Tests","2026-09-28","passed","2026-09-28","CategoryTests","firefox","CategoryTests","NavigatingBetweenCategories_DisplaysCorrectCategoryPage"
"","6177","ViewProductDetails_ForTheFirstProduct_DisplaysCorrectDetails","UI Tests","2026-09-28","passed","2026-09-28","ProductsTests","chromium","ProductsTests","ViewProductDetails_ForTheFirstProduct_DisplaysCorrectDetails"
"","6964","UserCannotLoginWithWrongPassword","UI Tests","2026-09-28","passed","2026-09-28","LoginTests","firefox","LoginTests","UserCannotLoginWithWrongPassword"
"","5541","RemovingProductFromCart_LeavesCartEmpty","UI Tests","2026-09-28","passed","2026-09-28","CartTests","webkit","CartTests","RemovingProductFromCart_LeavesCartEmpty"
"","4252","SubmitContactUsForm_WithValidData_RedirectsToHomePage","UI Tests","2026-09-28","passed","2026-09-28","ContactUsTests","chromium","ContactUsTests","SubmitContactUsForm_WithValidData_RedirectsToHomePage"
"","7553","RemovingOneProductFromCart_OtherProductsRemainInCart","UI Tests","2026-09-28","passed","2026-09-28","CartTests","webkit","CartTests","RemovingOneProductFromCart_OtherProductsRemainInCart"
"","5338","UserCanRegisterSuccessfully","UI Tests","2026-09-28","passed","2026-09-28","RegisterTests","chromium","RegisterTests","UserCanRegisterSuccessfully"
"","2617","ViewProductDetails_ForTheFirstProduct_DisplaysCorrectDetails","UI Tests","2026-09-28","passed","2026-09-28","ProductsTests","webkit","ProductsTests","ViewProductDetails_ForTheFirstProduct_DisplaysCorrectDetails"
"","920","GetAllBrands_EachBrandHasRequiredFields","","2026-09-28","passed","2026-09-28","Brands","API Tests","BrandsTests","GetAllBrands_EachBrandHasRequiredFields"
"","4683","NavigatingBetweenCategories_DisplaysCorrectCategoryPage","UI Tests","2026-09-28","passed","2026-09-28","CategoryTests","chromium","CategoryTests","NavigatingBetweenCategories_DisplaysCorrectCategoryPage"
"","6412","AddTwoProductsToCart_ShowsCorrectProductDetails","UI Tests","2026-09-28","passed","2026-09-28","CartTests","webkit","CartTests","AddTwoProductsToCart_ShowsCorrectProductDetails"
"","186","GetAllBrands_ReturnsStatusCode200","","2026-09-28","passed","2026-09-28","Brands","API Tests","BrandsTests","GetAllBrands_ReturnsStatusCode200"
"","7791","NewlyRegisteredUserCanLoginSuccessfully","UI Tests","2026-09-28","passed","2026-09-28","RegisterTests","webkit","RegisterTests","NewlyRegisteredUserCanLoginSuccessfully"
"","1923","NavigateToCart_WithNoProducts_ShowsEmptyCartAndLinkToProducts","UI Tests","2026-09-28","passed","2026-09-28","CartTests","chromium","CartTests","NavigateToCart_WithNoProducts_ShowsEmptyCartAndLinkToProducts"
"","2469","ViewProductDetails_ForTheFirstProduct_DisplaysCorrectDetails","UI Tests","2026-09-28","passed","2026-09-28","ProductsTests","firefox","ProductsTests","ViewProductDetails_ForTheFirstProduct_DisplaysCorrectDetails"
"","9475","UserCanLoginSuccessfully","UI Tests","2026-09-28","passed","2026-09-28","LoginTests","firefox","LoginTests","UserCanLoginSuccessfully"
"","4197","SubmitContactUsForm_WithValidDataAndUploadFile_RedirectsToHomePage","UI Tests","2026-09-28","passed","2026-09-28","ContactUsTests","chromium","ContactUsTests","SubmitContactUsForm_WithValidDataAndUploadFile_RedirectsToHomePage"
"","4730","AddProductToCart_WithCustomQuantity_ShowsCorrectQuantityAndTotalPriceInCart","UI Tests","2026-09-28","passed","2026-09-28","CartTests","firefox","CartTests","AddProductToCart_WithCustomQuantity_ShowsCorrectQuantityAndTotalPriceInCart"
"","395","GetAllProducts_EachProductHasRequiredFields","","2026-09-28","passed","2026-09-28","Products","API Tests","ProductsTests","GetAllProducts_EachProductHasRequiredFields"
"","2767","SubmitContactUsForm_WithValidDataAndUploadFile_RedirectsToHomePage","UI Tests","2026-09-28","passed","2026-09-28","ContactUsTests","firefox","ContactUsTests","SubmitContactUsForm_WithValidDataAndUploadFile_RedirectsToHomePage"
"","12841","RegisterBeforeCheckout_PlacesOrderSuccessfully","UI Tests","2026-09-28","passed","2026-09-28","OrderTests","firefox","OrderTests","RegisterBeforeCheckout_PlacesOrderSuccessfully"
"","148","Login_WithMissingParameter_ReturnsBadRequest","","2026-09-28","passed","2026-09-28","Login","API Tests","LoginTests","Login_WithMissingParameter_ReturnsBadRequest"
"","155","Login_WithInvalidEmailAndValidPassword_ReturnsUserNotFound","","2026-09-28","passed","2026-09-28","Login","API Tests","LoginTests","Login_WithInvalidEmailAndValidPassword_ReturnsUserNotFound"
"","4091","NavigatingBetweenCategories_DisplaysCorrectCategoryPage","UI Tests","2026-09-28","passed","2026-09-28","CategoryTests","webkit","CategoryTests","NavigatingBetweenCategories_DisplaysCorrectCategoryPage"
"","10119","UserCannotRegisterWithExistingEmail","UI Tests","2026-09-28","passed","2026-09-28","RegisterTests","chromium","RegisterTests","UserCannotRegisterWithExistingEmail"
"","13339","RegisterBeforeCheckout_PlacesOrderSuccessfully","UI Tests","2026-09-28","passed","2026-09-28","OrderTests","chromium","OrderTests","RegisterBeforeCheckout_PlacesOrderSuccessfully"
"","12309","UserCanLoginSuccessfully","UI Tests","2026-09-28","passed","2026-09-28","LoginTests","chromium","LoginTests","UserCanLoginSuccessfully"
"","388","SearchProduct_WithValidSearchTerm_ReturnsProducts","","2026-09-28","passed","2026-09-28","SearchProduct","API Tests","SearchProductTests","SearchProduct_WithValidSearchTerm_ReturnsProducts"
"","9702","UserCanLoginSuccessfully","UI Tests","2026-09-28","passed","2026-09-28","LoginTests","webkit","LoginTests","UserCanLoginSuccessfully"
"","6262","UserCannotLoginWithWrongPassword","UI Tests","2026-09-28","passed","2026-09-28","LoginTests","chromium","LoginTests","UserCannotLoginWithWrongPassword"
"","5089","UserCanRegisterSuccessfully","UI Tests","2026-09-28","passed","2026-09-28","RegisterTests","firefox","RegisterTests","UserCanRegisterSuccessfully"
"","4003","NavigatingBetweenBrands_DisplaysCorrectBrandPageWithExpectedProductCount","UI Tests","2026-09-28","passed","2026-09-28","BrandTests","webkit","BrandTests","NavigatingBetweenBrands_DisplaysCorrectBrandPageWithExpectedProductCount"
"","3347","SubmitContactUsForm_WithValidData_RedirectsToHomePage","UI Tests","2026-09-28","passed","2026-09-28","ContactUsTests","firefox","ContactUsTests","SubmitContactUsForm_WithValidData_RedirectsToHomePage"
"","5595","UserCanRegisterSuccessfully","UI Tests","2026-09-28","passed","2026-09-28","RegisterTests","webkit","RegisterTests","UserCanRegisterSuccessfully"
"","317","UpdateUserAccount_WithValidData_ReturnsUserUpdated","","2026-09-28","passed","2026-09-28","UserAccount","API Tests","UserAccountTests","UpdateUserAccount_WithValidData_ReturnsUserUpdated"
"","5324","AddProductToCart_WithCustomQuantity_ShowsCorrectQuantityAndTotalPriceInCart","UI Tests","2026-09-28","passed","2026-09-28","CartTests","chromium","CartTests","AddProductToCart_WithCustomQuantity_ShowsCorrectQuantityAndTotalPriceInCart"
"","150","Login_WithDeleteMethod_Returns405InResponseBody","","2026-09-28","passed","2026-09-28","Login","API Tests","LoginTests","Login_WithDeleteMethod_Returns405InResponseBody"
"","7650","RemovingOneProductFromCart_OtherProductsRemainInCart","UI Tests","2026-09-28","passed","2026-09-28","CartTests","firefox","CartTests","RemovingOneProductFromCart_OtherProductsRemainInCart"
"","8177","UserCannotLoginWithWrongPassword","UI Tests","2026-09-28","passed","2026-09-28","LoginTests","webkit","LoginTests","UserCannotLoginWithWrongPassword"
"","241","GetAllProducts_ReturnsNonEmptyProductsList","","2026-09-28","passed","2026-09-28","Products","API Tests","ProductsTests","GetAllProducts_ReturnsNonEmptyProductsList"
"","7274","RemovingOneProductFromCart_OtherProductsRemainInCart","UI Tests","2026-09-28","passed","2026-09-28","CartTests","chromium","CartTests","RemovingOneProductFromCart_OtherProductsRemainInCart"
"","1888","NavigateToCart_WithNoProducts_ShowsEmptyCartAndLinkToProducts","UI Tests","2026-09-28","passed","2026-09-28","CartTests","webkit","CartTests","NavigateToCart_WithNoProducts_ShowsEmptyCartAndLinkToProducts"
"","2242","SubmitContactUsForm_WithValidDataAndUploadFile_RedirectsToHomePage","UI Tests","2026-09-28","passed","2026-09-28","ContactUsTests","webkit","ContactUsTests","SubmitContactUsForm_WithValidDataAndUploadFile_RedirectsToHomePage"
"","12675","RegisterDuringCheckout_PlacesOrderSuccessfully","UI Tests","2026-09-28","passed","2026-09-28","OrderTests","firefox","OrderTests","RegisterDuringCheckout_PlacesOrderSuccessfully"
"","265","GetUserDetailsByExistingEmail_ReturnsCorrectUserDetails","","2026-09-28","passed","2026-09-28","UserAccount","API Tests","UserAccountTests","GetUserDetailsByExistingEmail_ReturnsCorrectUserDetails"
"","12059","NewlyRegisteredUserCanLoginSuccessfully","UI Tests","2026-09-28","passed","2026-09-28","RegisterTests","chromium","RegisterTests","NewlyRegisteredUserCanLoginSuccessfully"
"","2949","NavigateToCart_WithNoProducts_ShowsEmptyCartAndLinkToProducts","UI Tests","2026-09-28","passed","2026-09-28","CartTests","firefox","CartTests","NavigateToCart_WithNoProducts_ShowsEmptyCartAndLinkToProducts"
"","374","SearchProduct_WithValidSearchTerm_ReturnsProducts","","2026-09-28","passed","2026-09-28","SearchProduct","API Tests","SearchProductTests","SearchProduct_WithValidSearchTerm_ReturnsProducts"
"","7631","UserCannotRegisterWithExistingEmail","UI Tests","2026-09-28","passed","2026-09-28","RegisterTests","firefox","RegisterTests","UserCannotRegisterWithExistingEmail"
"","149","Login_WithMissingParameter_ReturnsBadRequest","","2026-09-28","passed","2026-09-28","Login","API Tests","LoginTests","Login_WithMissingParameter_ReturnsBadRequest"
"","5601","AddTwoProductsToCart_ShowsCorrectProductDetails","UI Tests","2026-09-28","passed","2026-09-28","CartTests","firefox","CartTests","AddTwoProductsToCart_ShowsCorrectProductDetails"
